university_name,source_type,source_url,notes,last_verified
Aalto University,Admissions guide,https://www.aalto.fi/en/admission-services/masters-admissions,Official Aalto master's admissions timeline and required document guidance for autumn 2026.,2026-03-14
Aalto University,Language requirements,https://www.aalto.fi/en/admission-services/language-requirements-in-masters-admissions,Accepted English proficiency proofs and score thresholds.,2026-03-14
University of Helsinki,Admissions guide,https://www.helsinki.fi/en/admissions-and-education/apply-bachelors-and-masters-programmes/apply-international-masters-programmes/how-apply,Official 2026 schedule for international master's admissions.,2026-03-14
Tampere University,Admissions guide,https://www.tuni.fi/en/study-with-us/apply-to-tampere-university/applying-to-university-masters-programmes,Official 2026 admissions timeline and required application phases.,2026-03-14
University of Turku,Admissions guide,https://www.utu.fi/en/study-at-utu/apply-to-masters-programmes,Official 2026 application guide including document list and major dates.,2026-03-14
University of Oulu,Deadlines,https://www.oulu.fi/en/apply/how-apply/applying-masters-programmes/deadlines,Official deadlines page for master's admissions.,2026-03-14
University of Oulu,Application documents,https://www.oulu.fi/en/apply/how-apply/documents,Official attachment requirements for international programmes.,2026-03-14
LUT University,Admissions guide,https://www.lut.fi/en/studies/apply-lut/applying-masters-programmes/regular-admission-masters-studies,Official regular admission process page for autumn 2026 intake.,2026-03-14
University of Eastern Finland,Admissions guide,https://www.uef.fi/en/how-to-apply,Official how-to-apply page with 2026 national application dates.,2026-03-14
University of Jyvaskyla,Admissions guide,https://www.jyu.fi/en/study-with-us/masters-degree-programmes/how-to-apply-for-masters-programmes,Official JYU master's admissions timetable for 2026.,2026-03-14
University of Vaasa,Admissions guide,https://www.uwasa.fi/en/education/masters-programmes/how-apply,Official Vaasa master's application routes for autumn 2026.,2026-03-14
Hanken School of Economics,Admissions guide,https://www.hanken.fi/index.php/en/apply/application/masters-degree-studies-english,Official Hanken English master's admissions page with main and rolling rounds.,2026-03-14
Abo Akademi University,Admissions guide,https://www.abo.fi/en/study/apply/international-master-programmes/application-process/,Official application process and admissions timeline for August 2026 intake.,2026-03-14
